{
    "lst_dir": "../dataset_info_files/ShapeNet_filelists",
    "cats": {
        "pintu_prada":"03001627",
        "pintu_gebyog":"03001627",
        "limas_prada":"03001627",
        "pintu_pelok":"03001627",
        "pintu_lukis":"03001627"
    },
    "all_cats": [
        "pintu_prada"
    ],
    "raw_dirs_v1": {
        "mesh_dir": "../data/ShapeNet/ShapeNetCore.v1/",
        "norm_mesh_dir": "../data/ShapeNet/norm_mesh_dir_v1/",
        "sdf_dir": "../data/ShapeNet/SDF_v1"
    }
}